date,update_name,update_type,description,typical_impact,affected_factors,confirmed,reference_url,insights,recovery_time,rep_quote,rep_name,citation_url
2/5/26,February 2026 Discover Core Update,Core Update,First Discover-specific core update affecting Google Discover feed rankings without impacting traditional Search results,Discover feed visibility changes,"Discover content quality, visual appeal, engagement signals",Yes,https://developers.google.com/search/blog/2026/02/discover-core-update,"First time Google publicly labeled a core update as Discover-specific; the update does not affect traditional Search rankings (https://searchengineland.com/google-releases-discover-core-update-february-2026-468308)||The update favors locally relevant content from publishers based in a user's own country, reducing cross-border content in Discover feeds (https://searchengineland.com/google-february-2026-discover-core-update-is-now-complete-469450)||Sensational and clickbait headlines are explicitly demoted; in-depth, original, and timely content from sites with topic expertise is boosted (https://www.seroundtable.com/google-february-2026-discover-core-update-40887.html)||Discover's share of Google-sourced traffic to news publishers nearly doubled from 37% in 2023 to roughly 68%, while traditional Search traffic dropped from 51% to about 27% (https://searchengineland.com/google-releases-discover-core-update-february-2026-468308)||Non-US publishers saw reduced visibility in US Discover feeds, suggesting a strong geo-locality signal was introduced (https://www.searchenginejournal.com/googles-discover-core-update-finishes-rolling-out/568413/)",None found,,,
12/11/25,December 2025 Core Update,Core Update,Final core update of 2025 rolling out Dec 11-29 with moderate ranking volatility,Site-wide ranking changes,"Content quality, E-E-A-T, relevance signals",Yes,https://searchengineland.com/google-december-2025-core-update-rolling-out-now-465852,"eCommerce and apparel sites were the biggest winners: Aritzia (+56%), JCPenney (+52%), The North Face (+52%), Zara (+34%), suggesting the update favored commercial content from established retail brands (https://www.amsive.com/insights/seo/googles-december-2025-core-update-winners-losers-analysis/)||Wikipedia was the largest absolute loser, dropping 435 visibility points; Reddit, Facebook, and Quora also saw significant declines, signaling a correction of UGC platform dominance (https://www.amsive.com/insights/seo/googles-december-2025-core-update-winners-losers-analysis/)||Health publishers experienced near-universal declines: Healthline (-27%), Medical News Today (-42%), WebMD, and Mayo Clinic all lost visibility (https://www.amsive.com/insights/seo/googles-december-2025-core-update-winners-losers-analysis/)||Thesaurus.com was the single biggest winner (+33%) while Merriam-Webster dropped 11%, showing a striking split among reference sites (https://www.amsive.com/insights/seo/googles-december-2025-core-update-winners-losers-analysis/)||IHG.com saw its biggest visibility spike in five years; travel and tourism averaged +10% gains, but review-focused travel platforms like TripAdvisor (-8%) declined (https://www.amsive.com/insights/seo/googles-december-2025-core-update-winners-losers-analysis/)||Several sites including Reddit, Facebook, NYT, BBC, and Reuters rebounded within one week after the Dec 29 rollout completion, while Quora and TikTok continued declining (https://www.amsive.com/insights/seo/googles-december-2025-core-update-winners-losers-analysis/)",1Đ2 weeks for quick rebounds; ongoing for others,,,
10/7/25,October 2025 Unnamed Update,Unconfirmed,Heavy ranking flux hitting 123.0 F on MozCast with widespread volatility,Site-wide volatility,"Unknown factors, possible algorithm testing",No,https://www.seroundtable.com/google-search-ranking-volatility-heated-40234.html,"Multiple ranking tracking tools detected high volatility simultaneously, though Google did not confirm any update (https://www.seroundtable.com/google-search-ranking-volatility-heated-40234.html)||MozCast temperatures reached 123.0 F, well above baseline, suggesting significant but unacknowledged algorithmic changes (https://www.seroundtable.com/google-search-ranking-volatility-heated-40234.html)||The volatility was widespread across verticals rather than concentrated in specific niches, consistent with a broad algorithmic shift (https://www.seroundtable.com/google-search-ranking-volatility-heated-40234.html)",None found,,,
8/26/25,August 2025 Spam Update,Spam Update,First spam update since end of 2024 with broadened spam definition per Liz Reid,Spam penalties,"Expanded spam signals, content quality, link schemes",Yes,https://searchengineland.com/google-releases-august-2025-spam-update-461232,"Google VP of Search Liz Reid expanded the definition of spam to include content that merely repeats what is already well known, without adding the creator's perspective or depth (https://searchengineland.com/google-releases-august-2025-spam-update-461232)||The rollout took 27 days (Aug 26 Đ Sep 22), making it one of the longer spam updates in Google's history (https://searchengineland.com/google-august-2025-spam-update-done-rolling-out-461560)||Google is giving more ranking weight to content from creators who bring unique perspective or expertise and invest real time and craft into their work (https://searchengineland.com/google-releases-august-2025-spam-update-461232)||This was a general and broad spam update; Google did not announce any unique or special targeting with this release (https://searchengineland.com/google-august-2025-spam-update-done-rolling-out-461560)",None found,We've extended the concept of spam to also include content that repeats what's already well known without bringing the creator's perspective and depth.,Liz Reid,https://searchengineland.com/google-releases-august-2025-spam-update-461232
6/30/25,June 2025 Core Update,Core Update,Second Core Update of 2025 with some Helpful Content Update (HCU) recoveries reported,Site-wide ranking changes,"Content quality, HCU recovery signals, E-E-A-T",Yes,https://searchengineland.com/google-june-2025-core-update-rolling-out-now-457731,"Many sites hit by the September 2023 Helpful Content Update saw their first meaningful recoveries, with rich snippets and featured snippets returning after nearly two years of suppressed visibility (https://www.seroundtable.com/google-june-2025-core-update-recoveries-39735.html)||Amazon was the biggest loser; LinkedIn dropped 50+ visibility points (-18%), concentrated in its /company/ subfolder (https://www.amsive.com/insights/seo/june-2025-core-update-winners-losers-trends/)||YouTube was the top winner (+307 visibility points, +12%), followed by Wikipedia (+276 points); arts and entertainment sites dominated the gains (https://www.amsive.com/insights/seo/june-2025-core-update-winners-losers-trends/)||Long-established independent sites with clear authorship saw significant gains: color-meanings.com (17 years old), explainthatstuff.com (13 years), and gamepressure.com (20 years) all recovered (https://www.amsive.com/insights/seo/june-2025-core-update-winners-losers-trends/)||Retail giants declined broadly: Amazon, eBay, Target, Wayfair, and Best Buy all lost visibility (https://www.amsive.com/insights/seo/june-2025-core-update-winners-losers-trends/)||Health was a highly volatile sector; YMYL sites swung dramatically, with some gaining in March only to drop sharply in June (https://searchengineland.com/data-providers-google-june-2025-core-update-was-a-big-update-459226)||This was one of the larger core updates in recent memory, with a 16-day rollout (Jun 30 Đ Jul 17) (https://searchengineland.com/google-june-2025-core-update-rollout-is-now-complete-458617)",2Đ3 weeks,,,
3/13/25,March 2025 Core Update,Core Update,First Core Update of 2025 with historically high volatility (130.1 F),Site-wide ranking changes,"Content quality, user signals, relevance",Yes,https://searchengineland.com/google-march-2025-core-update-rolling-out-now-453253,"Forum sites experienced a recalibration after roughly 18 months of elevated visibility following Google's mid-2023 'hidden gems' initiative (https://searchengineland.com/google-march-2025-core-update-rollout-is-now-complete-453364)||Google AI Overviews expanded massively during the rollout: +528% for entertainment queries, +387% for restaurant queries, and +381% for travel queries (https://searchengineland.com/google-ai-overviews-spike-march-2025-core-update-453841)||Home services keywords showed unprecedented movement, with Local SEO Guide's 100,000-keyword tracking revealing some of the most volatile SERPs in 12 months (https://searchengineland.com/data-providers-google-march-2025-core-update-had-similar-volatility-to-the-previous-update-453778)||The rollout lasted 14 days (Mar 13Đ27) and had similar overall volatility to the December 2024 core update, though it did not feel as widespread as some previous updates (https://searchengineland.com/data-providers-google-march-2025-core-update-had-similar-volatility-to-the-previous-update-453778)",2Đ4 weeks,There's nothing new or special that creators need to do for this update as long as they've been making satisfying content meant for people.,A Google social media account,https://searchengineland.com/google-march-2025-core-update-rolling-out-now-453253
3/5/25,March 2025 Unnamed Update,Unconfirmed,Pre-core update volatility reaching 121.7 F on MozCast,Site-wide volatility,"Unknown factors, possible pre-update testing",No,https://www.seroundtable.com/pre-google-march-2025-core-update-39084.html,"Volatility spiked just eight days before the confirmed March 2025 Core Update, a pattern sometimes seen as pre-update testing (https://www.seroundtable.com/pre-google-march-2025-core-update-39084.html)||MozCast recorded 121.7 F temperatures, significantly above the baseline, with multiple third-party tools confirming the flux (https://www.seroundtable.com/pre-google-march-2025-core-update-39084.html)||Google did not acknowledge this volatility, which is typical of unconfirmed ranking fluctuations (https://www.seroundtable.com/pre-google-march-2025-core-update-39084.html)",None found,,,
2/19/25,February 2025 Unnamed Update,Unconfirmed,Significant ranking flux at 125.8 F with multiple tools showing spikes,Site-wide volatility,"Unknown factors, algorithm testing",No,https://www.seroundtable.com/google-search-ranking-volatility-heats-38941.html,"MozCast reached 125.8 F with widespread reports from webmasters confirming unusual ranking movement (https://www.seroundtable.com/google-search-ranking-volatility-heats-38941.html)||Multiple tracking tools showed simultaneous spikes, suggesting a real algorithmic change rather than data noise (https://www.seroundtable.com/google-search-ranking-volatility-heats-38941.html)||Google provided no acknowledgment; the update remained unconfirmed (https://www.seroundtable.com/google-search-ranking-volatility-heats-38941.html)",None found,,,
12/19/24,December 2024 Spam Update,Spam Update,Year-end spam update targeting link spam and content manipulation,Spam penalties,"Link spam, AI content abuse, cloaking",Yes,https://searchengineland.com/google-december-2024-spam-update-unleashed-449556,"This was a general and broad spam update (not specifically link spam), and was considered one of the bigger spam updates in a long time, hitting very hard within a few days (https://www.seroundtable.com/google-december-2024-spam-update-done-38641.html)||The rollout lasted just 7 days (Dec 19Đ26), making it one of the faster spam updates; it was global, impacting all regions and languages (https://searchengineland.com/google-december-2024-spam-update-done-rolling-out-449651)||SpamBrain, Google's AI-based spam prevention system, was improved to catch both existing and new types of spam more effectively (https://searchengineland.com/google-december-2024-spam-update-unleashed-449556)||Google warned that recovery from spam penalties can take many months and recommended reviewing spam policies to ensure compliance (https://searchengineland.com/google-december-2024-spam-update-unleashed-449556)",Several months per Google's guidance,,,
11/11/24,November 2024 Core Update,Core Update,Late year core update with focus on helpful content signals,Site-wide ranking changes,"Content helpfulness, expertise, user satisfaction",Yes,https://searchengineland.com/google-november-2024-core-update-rolling-out-now-448083,"This was the least volatile core update of 2024, considered weaker overall compared to the March and August updates (https://searchengineland.com/data-providers-google-november-2024-core-update-was-less-volatile-449040)||Forbes.com saw visibility drop to zero across its /advisor/, /health/, and /home-improvement/ subfolders, continuing Google's crackdown on site reputation abuse (https://www.seroundtable.com/google-november-2024-core-update-movement-38414.html)||The travel industry showed the highest fluctuation levels; health and finance niches experienced lower volatility in top positions (https://searchengineland.com/data-providers-google-november-2024-core-update-was-less-volatile-449040)||Rollout lasted 24 days (Nov 11 Đ Dec 5), longer than typical for a less volatile update (https://searchengineland.com/google-november-2024-core-update-rollout-is-now-complete-448428)",3Đ4 weeks,This update is designed to continue our work to improve the quality of our search results by showing more content that people find genuinely useful and less content that feels like it was made just to perform well on Search.,A Google social media account,https://searchengineland.com/google-november-2024-core-update-rolling-out-now-448083
8/15/24,August 2024 Core Update,Core Update,Summer core update with focus on relevance and content quality,Site-wide ranking changes,"Content quality, relevance, technical SEO",Yes,https://developers.google.com/search/blog/2024/08/august-2024-core-update,"Semrush reported peak volatility significantly higher than the March 2024 update; 44% of poll respondents said rankings were down vs. 27% up (https://searchengineland.com/data-providers-google-august-2024-core-update-was-very-volatile-446597)||A ranking bug affected the first four days of the rollout; Google fixed it and advised disregarding early movement (https://searchengineland.com/google-august-2024-core-update-what-were-seeing-early-on-445290)||Of 380+ sites tracked from the September 2023 HCU, only 47 showed signs of improvement; most did not see meaningful recoveries (https://searchengineland.com/google-august-2024-core-update-rollout-is-now-complete-446225)||Google stated the update aims to promote useful content from small and independent publishers, a direct response to feedback from creators (https://searchengineland.com/google-august-2024-core-update-rolling-out-now-445221)||Rollout lasted 20 days (Aug 15 Đ Sep 3), slightly shorter than originally expected (https://searchengineland.com/google-august-2024-core-update-rollout-is-now-complete-446225)",2Đ4 weeks,This update took into account feedback we heard from some creators and others over the past few months. We will continue this work in future updates to show more useful content made by people.,John Mueller,https://searchengineland.com/google-august-2024-core-update-rolling-out-now-445221
6/20/24,June 2024 Spam Update,Spam Update,AI-generated content spam and link spam targeting,Penalties for spam content,"AI content abuse, link schemes, thin content",Yes,https://searchengineland.com/google-unleashes-june-2024-spam-update-443374,"This was a general broad spam update that did not specifically target link spam and did not automate the site reputation abuse policy (still manual actions only) (https://searchengineland.com/google-june-2024-spam-update-done-rolling-out-443504)||SpamBrain improvements targeted new types of spam while maintaining detection of existing spam patterns (https://searchengineland.com/google-unleashes-june-2024-spam-update-443374)||Sites with AI detection scores near 100% continued to see pages, site sections, or entire sites deindexed throughout 2024 (https://www.amsive.com/insights/seo/googles-helpful-content-update-ranking-system-what-happened-and-what-changed-in-2024/)||The rollout completed in approximately one week, making it one of the faster spam updates (https://searchengineland.com/google-june-2024-spam-update-done-rolling-out-443504)",1Đ2 weeks rollout; months for recovery,,,
3/5/24,March 2024 Core Update,Core Update,Simultaneous core and spam update rollout,Site-wide ranking changes,"Content quality, site reputation, technical health",Yes,https://developers.google.com/search/blog/2024/03/core-update-spam-policies,"The longest core update in Google's history at 45 days (Mar 5 Đ Apr 19); Google reported removing 45% of low-quality, unoriginal content from search results, exceeding the original 40% target (https://searchengineland.com/google-march-2024-core-update-rollout-is-now-complete-438713)||Over 800 websites were completely deindexed; 100% of deindexed sites showed signs of AI-generated content, with 50% having 90Đ100% AI-generated posts (https://www.searchenginejournal.com/googles-march-2024-core-update-impact-hundreds-of-websites-deindexed/510981/)||Reddit was the biggest winner overall (+1,000 visibility points in 2024), followed by Amazon (+531 points); user-generated content and forum sites replaced many traditional publishers (https://www.amsive.com/insights/seo/seo-in-2024-winners-losers-and-overall-trends/)||The vast majority of percentage losers were informational sites monetizing through display ads and/or affiliate links (https://www.amsive.com/insights/seo/the-march-2024-spam-core-updates-on-google/)||Wikipedia lost 135 visibility points; other major institutional losers included Cambridge.org (-60), Britannica (-47), and NYT (-48), despite being traditionally authoritative (https://www.amsive.com/insights/seo/the-march-2024-spam-core-updates-on-google/)||This update ended the standalone Helpful Content Update; the HCU classifier was folded into the core ranking system (https://searchengineland.com/google-march-2024-core-update-rollout-is-now-complete-438713)",6Đ8 weeks for rollout; monthsĐyears for recovery,"Some things take much longer to be reassessed (sometimes months), and some bigger effects require another update cycle. 'Recover' implies going back to how things were before, and IMO that is always unrealistic, since the world, user-expectations, and the rest of the web continues to change.",John Mueller,https://www.searchenginejournal.com/googles-john-mueller-on-website-recovery-after-core-updates/515122/
3/5/24,March 2024 Spam Update,Spam Update,Targeting scaled content abuse and expired domain abuse,Penalties for spam tactics,"Scaled content, expired domains, site reputation abuse",Yes,https://developers.google.com/search/blog/2024/03/core-update-spam-policies,"Three new spam policies were introduced simultaneously: scaled content abuse, site reputation abuse, and expired domain abuse (https://searchengineland.com/google-released-massive-search-quality-improvements-with-march-2024-core-update-and-multiple-spam-updates-438144)||Scaled content abuse targets mass-produced content regardless of whether it is AI-generated, human-created, or a combination (https://searchengineland.com/google-march-2024-core-update-things-you-need-to-know-438370)||Expired domain abuse targets the practice of purchasing expired domains and repurposing them to boost search ranking of low-quality content (https://developers.google.com/search/blog/2024/03/core-update-spam-policies)||Site reputation abuse (parasite SEO) targets third-party content published on high-authority domains primarily for ranking manipulation; enforcement began May 5, 2024 via manual actions (https://searchengineland.com/google-march-2024-core-update-things-you-need-to-know-438370)",Months; no fixed timeline per Google,,,
11/8/23,November 2023 Reviews Update,Reviews Update,Improvements to review content evaluation systems,Review page rankings,"Review quality, evidence of experience, detailed reviews",Yes,https://searchengineland.com/google-releases-november-2023-reviews-update-434262,"This was the final standalone reviews update; Google announced the reviews system would be incorporated into core updates going forward (https://searchengineland.com/google-releases-november-2023-reviews-update-434262)||The rollout took 29 days (Nov 8 Đ Dec 7), overlapping entirely with the November 2023 Core Update, making it difficult to isolate which update caused specific ranking changes (https://searchengineland.com/google-algorithm-updates-2023-recap-435846)||Sites reliant on review traffic saw continued volatility, with gains or losses depending on alignment with Google's evolving experience signals (https://searchengineland.com/google-algorithm-updates-2023-recap-435846)",4Đ5 weeks,,,
11/2/23,November 2023 Core Update,Core Update,Year-end core update with focus on helpful content,Site-wide ranking changes,"Content helpfulness, E-E-A-T, user satisfaction",Yes,https://searchengineland.com/google-november-2023-core-update-released-434123,"The longest documented core update rollout at 26 days (Nov 2Đ28), ten days longer than the previous record held by the August 2023 core update (https://searchengineland.com/google-november-2023-core-update-rollout-is-now-complete-434529)||More volatile than the October 2023 core update; SimilarWeb's SERP Seismometer peaked at 71 out of 100 on November 7th (https://searchengineland.com/data-providers-google-november-2023-core-update-was-more-volatile-than-the-october-2023-core-update-435494)||12.75% of top 10 results were pages that previously ranked beyond position 20, indicating significant ranking reshuffling (https://www.semrush.com/blog/the-impact-of-the-november-core-update/)||eCommerce was the hardest-hit category with an average decline of nearly -24% across 32 tracked domains (https://www.amsive.com/insights/seo/seo-in-2023-winners-losers-and-overall-trends/)",3Đ4 weeks,,,
10/5/23,October 2023 Core Update,Core Update,Broad core update with SERP volatility,Site-wide ranking changes,"Content quality, relevance, technical SEO",Yes,https://searchengineland.com/google-releases-october-2023-broad-core-update-432935,"Rolled out in 14 days (Oct 5Đ19), overlapping with the October 2023 Spam Update, making impact attribution difficult (https://searchengineland.com/google-october-2023-core-update-rollout-is-now-complete-433191)||Less impactful overall than the August 2023 update; the average position change was about 2.5 positions compared to 3 positions in August (https://searchengineland.com/data-providers-on-the-google-october-2023-core-and-spam-update-433697)||Volatility was felt broadly but was hard to measure cleanly because of the simultaneous spam update rollout (https://searchengineland.com/data-providers-on-the-google-october-2023-core-and-spam-update-433697)",2Đ3 weeks,,,
10/4/23,October 2023 Spam Update,Spam Update,Targeting multiple spam tactics including cloaking,Penalties for spam tactics,"Cloaking, link spam, content spam",Yes,https://developers.google.com/search/blog/2023/10/october-2023-spam-update,"Primarily targeted cloaking, hacked sites, auto-generated content, and scraped spam, with expanded coverage in Turkish, Vietnamese, Indonesian, Hindi, and Chinese (https://www.seroundtable.com/google-releases-october-2023-spam-update-36163.html)||Spam sites were visibly hit around October 9; well-maintained sites were largely unaffected (https://searchengineland.com/google-october-2023-spam-update-done-rolling-out-433189)||The overlap with the core update made it hard to isolate spam update impact, but clear spam demotions were observed in non-English markets (https://www.searchenginejournal.com/google-rolls-out-october-2023-spam-update/497794/)",2Đ3 weeks,,,
9/14/23,September 2023 Helpful Content Update,Helpful Content Update (HCU),Major HCU iteration with stronger classifier,Site-wide content evaluation,"User-first content, content pruning, topical authority",Yes,https://searchengineland.com/google-september-2023-helpful-content-system-update-rolling-out-431978,"This was the most devastating algorithm update for independent publishers in recent memory; educational sites, review sites, content blogs, and gaming sites saw 50Đ90%+ traffic drops with virtually no recovery path (https://searchengineland.com/impact-of-the-google-september-2023-helpful-content-was-big-for-the-seo-industry-432751)||Travel sites were among the hardest hit; sites with 90%+ visibility drops frequently had high AI-generated content scores (some as high as 91%) (https://www.amsive.com/insights/seo/googles-helpful-content-update-ranking-system-what-happened-and-what-changed-in-2024/)||As of March 2024, there were no known significant recoveries; Glenn Gabe tracked 400+ affected sites and only 22% saw even a 20% improvement by August 2024, with full recovery being an anomaly (https://www.seroundtable.com/google-helpful-content-update-recovery-data-38358.html)||The classifier operated at the site level, not the page level, meaning a single section of unhelpful content could suppress the entire domain's rankings (https://searchengineland.com/google-september-2023-helpful-content-system-update-rolling-out-431978)||Common traits of affected sites: excessive ads disrupting user experience, excessive affiliate links without substantial content, insufficient E-E-A-T signals, and attempts to cover every topic within a niche without real expertise (https://searchengineland.com/google-helpful-content-updates-survive-thrive-432843)||Recovery required sweeping content strategy changes rather than quick technical fixes; many site owners were advised to prune low-quality content aggressively (https://searchengineland.com/google-helpful-content-updates-survive-thrive-432843)",MonthsĐyears; many sites never fully recovered,,,
8/22/23,August 2023 Core Update,Core Update,Late summer core update with ranking volatility,Site-wide ranking changes,"Content quality, E-E-A-T, page experience",Yes,https://searchengineland.com/google-releases-august-2023-broad-core-update-431043,"Reddit was the dominant winner with +183 visibility points (+64.68%); UGC sites as a category saw the greatest visibility increase despite only four sites qualifying (https://www.amsive.com/insights/seo/google-august-2023-core-update-winners-losers-analysis/)||WebMD was the biggest health winner (+42 visibility points, +20%); NIH and government health sites also gained substantially (https://www.amsive.com/insights/seo/google-august-2023-core-update-winners-losers-analysis/)||Major news publishers including the New York Times, Washington Post, and the Guardian saw declines despite high E-E-A-T signals (https://www.amsive.com/insights/seo/google-august-2023-core-update-winners-losers-analysis/)||Music, lyrics, and entertainment sites that gained in March 2023 had those gains reversed in August (https://searchengineland.com/how-the-august-2023-google-core-update-compared-to-march-2023-core-updates-431851)||Universities and education sites saw broad increases; official government sites from the US and abroad gained massively (https://www.amsive.com/insights/seo/google-august-2023-core-update-winners-losers-analysis/)",2Đ3 weeks,,,
4/12/23,April 2023 Reviews Update,Reviews Update,Product review update expanded to all review types,Review page rankings,"Review depth, evidence, comparisons",Yes,https://searchengineland.com/google-releases-april-2023-reviews-update-395561,"First reviews update to target all review types, not just product reviews: services, businesses, destinations, and media reviews were now evaluated (https://searchengineland.com/google-releases-april-2023-reviews-update-395561)||More volatile than the February 2023 update: 72% of rankings were affected vs. 49% in February, according to Semrush and Rank Ranger (https://searchengineland.com/googles-april-2023-reviews-update-was-more-volatile-than-the-previous-product-reviews-update-data-providers-say-398825)||The update leaned heavily on signals of experience; Google documentation encouraged publishers to demonstrate evidence that products were handled, tested, used, and measured (https://www.amsive.com/insights/seo/googles-newest-reviews-update-elevates-real-life-experience/)||Rollout took 13 days (Apr 12Đ25) (https://searchengineland.com/google-april-2023-reviews-update-is-finished-rolling-out-395916)",2Đ3 weeks,,,
3/15/23,March 2023 Core Update,Core Update,Spring core update with broad impact,Site-wide ranking changes,"Content quality, authority, user signals",Yes,https://searchengineland.com/google-releases-march-2023-broad-core-update-394316,"eCommerce and shopping sites were the biggest winning category; direct hotel brand sites like IHG, Hilton, Marriott, and Four Seasons gained at the expense of travel affiliates (https://www.amsive.com/insights/seo/googles-march-2023-core-update-winners-losers-analysis/)||8.7% of top 10 results were pages that previously ranked beyond position 20, indicating significant new entries into top rankings (https://searchengineland.com/how-the-march-2023-google-core-update-compared-to-previous-core-updates-394995)||Google's newly added 'Experience' signal (E-E-A-T, announced December 2022) appeared to play a major role, with sites showing clear evidence of experience in writing style and named authors gaining visibility (https://www.amsive.com/insights/seo/googles-march-2023-core-update-winners-losers-analysis/)||Amazon lost 13.84% visibility; Zara dropped 24% and Expedia UK dropped 20.60% (https://www.amsive.com/insights/seo/googles-march-2023-core-update-winners-losers-analysis/)||Rollout lasted 13 days and 7 hours; the update was considered big with significant volatility across many verticals (https://searchengineland.com/google-march-2023-broad-core-update-done-rolling-out-394724)",2Đ3 weeks,,,
2/21/23,February 2023 Product Reviews Update,Reviews Update,Final standalone product reviews update before system was folded into core updates,Product review rankings,"Review quality, first-hand experience, detailed analysis",Yes,https://searchengineland.com/google-releases-february-2023-product-reviews-update-393426,"This was the last product-reviews-only update; subsequent reviews updates expanded to all review types (https://searchengineland.com/google-algorithm-updates-2023-recap-435846)||49% of rankings were affected, moderate compared to the 72% affected by the April 2023 reviews update that followed (https://searchengineland.com/googles-april-2023-reviews-update-was-more-volatile-than-the-previous-product-reviews-update-data-providers-say-398825)||Sites with first-hand product experience and detailed analysis continued to be rewarded over thin affiliate content (https://searchengineland.com/google-releases-february-2023-product-reviews-update-393426)",2Đ3 weeks,,,
12/14/22,December 2022 Link Spam Update,Spam Update,SpamBrain AI targeting unnatural links,Link-based penalties,"Link schemes, paid links, PBNs",Yes,https://developers.google.com/search/blog/2022/12/december-22-link-spam-update,"First time Google used SpamBrain AI to both detect sites buying links and identify sites created specifically for the purpose of passing outgoing links (https://searchengineland.com/google-releases-december-2022-link-spam-update-390336)||The update neutralized unnatural links rather than penalizing sites directly, removing any ranking signals previously passed through those links (https://searchengineland.com/google-december-2022-link-spam-update-done-rolling-out-390572)||The rollout lasted nearly a month (Dec 14 Đ Jan 12, 2023); sites that relied on link building schemes saw significant impact (https://www.seroundtable.com/google-december-2022-link-spam-update-impact-34593.html)",4Đ5 weeks,,,
12/5/22,December 2022 Helpful Content Update,Helpful Content Update (HCU),Expansion of helpful content system,Site-wide content evaluation,"Content helpfulness, search-focused content, user value",Yes,https://searchengineland.com/google-helpful-content-system-update-rolling-out-now-390047,"Less impactful than the first helpful content update; the rollout did not feel widespread compared to core updates or product review updates (https://searchengineland.com/ranking-data-during-the-december-2022-google-helpful-content-update-and-link-spam-update-390620)||Coincided with Google changing E-A-T to E-E-A-T, adding 'Experience' as a new quality signal in the Search Quality Rater Guidelines (https://searchengineland.com/google-algorithm-updates-2022-in-review-core-updates-product-reviews-helpful-content-updates-spam-updates-and-beyond-390573)||The rollout lasted 38 days (Dec 5 Đ Jan 12, 2023), the longest of any HCU iteration (https://searchengineland.com/googles-december-2022-helpful-content-and-link-spam-update-still-rolling-out-391120)||Sites that had avoided impact from the August 2022 HCU began feeling effects in December, suggesting the classifier was broadened (https://www.amsive.com/insights/seo/how-googles-latest-helpful-content-system-update-is-impacting-serps/)",5Đ6 weeks,,,
10/19/22,October 2022 Spam Update,Spam Update,Broad spam update using SpamBrain,Penalties for spam tactics,"Multiple spam types, thin content, hidden text",Yes,https://searchengineland.com/google-releases-october-2022-spam-update-388880,A broad SpamBrain-powered update targeting multiple spam types including thin content and hidden text (https://searchengineland.com/google-releases-october-2022-spam-update-388880)||The update was global and impacted search results in all languages (https://searchengineland.com/google-releases-october-2022-spam-update-388880)||Rolled out quickly; sites engaging in clear spam practices saw immediate visibility drops (https://searchengineland.com/google-releases-october-2022-spam-update-388880),None found,,,
9/20/22,September 2022 Product Reviews Update,Reviews Update,Third product reviews update refining how Google evaluates review content,Product review rankings,"Review depth, original research, quantitative measurements",Yes,https://searchengineland.com/google-releases-september-2022-product-reviews-update-387293,"Rolled out concurrently with the September 2022 Core Update and shortly after the Helpful Content Update, making it the third major update in rapid succession (https://www.amsive.com/insights/seo/winners-losers-of-the-september-2022-core-update-product-reviews-update/)||Sites were rewarded for quantitative measurements, original research, and visual proof of product experience (https://searchengineland.com/google-releases-september-2022-product-reviews-update-387293)||The stacking of three updates in AugustĐSeptember 2022 made it nearly impossible to isolate individual update effects (https://www.amsive.com/insights/seo/winners-losers-of-the-september-2022-core-update-product-reviews-update/)",None found,,,
9/12/22,September 2022 Core Update,Core Update,Second September update with significant impact,Site-wide ranking changes,"Content quality, E-A-T, relevance",Yes,https://searchengineland.com/google-releases-september-2022-broad-core-update-387857,"Significantly weaker overall than the May 2022 core update; it hit fast but was less impactful (https://searchengineland.com/googles-september-2022-core-update-hit-fast-but-was-less-significant-than-previous-updates-388088)||Wiktionary saw a significant visibility boost while yourdictionary.com and Merriam-Webster were among the biggest losers (https://www.amsive.com/insights/seo/winners-losers-of-the-september-2022-core-update-product-reviews-update/)||Amazon was the biggest eCommerce winner, but other giants like Walmart, Target, and eBay that gained in previous updates saw declines (https://www.amsive.com/insights/seo/winners-losers-of-the-september-2022-core-update-product-reviews-update/)",2Đ3 weeks,,,
8/25/22,August 2022 Helpful Content Update,Helpful Content Update (HCU),First helpful content update targeting search-first content,Site-wide content evaluation,"Search-first content, thin content, content farms",Yes,https://developers.google.com/search/blog/2022/08/helpful-content-update,"The first-ever Helpful Content Update; it evaluated entire websites rather than individual pages, meaning unhelpful content in one section could suppress the whole domain (https://developers.google.com/search/blog/2022/08/helpful-content-update)||Initial impact was muted and disappointed SEOs who expected a massive shakeup; the real effects appeared more gradually over the following months, especially after the December 2022 iteration (https://www.amsive.com/insights/seo/how-googles-latest-helpful-content-system-update-is-impacting-serps/)||Travel sites with thin, generic content were among the earliest and most visible casualties, particularly those creating mass pages about cities using aggregated information without original insights (https://www.amsive.com/insights/seo/googles-helpful-content-update-to-devalue-search-engine-first-content-and-elevate-authentic-expert-voices-in-search/)||Sites with thousands of articles covering every topic in their niche without real experience, expertise, authority, or trust were most affected (https://www.amsive.com/insights/seo/how-googles-latest-helpful-content-system-update-is-impacting-serps/)||Rollout lasted 15 days (Aug 25 Đ Sep 9); English-language content was targeted first, with other languages added in later iterations (https://www.semrush.com/blog/helpful-content/)",Weeks for rollout; monthsĐyears for impacted sites,,,
7/27/22,July 2022 Product Reviews Update,Reviews Update,Second product reviews update of 2022 with expanded evaluation criteria,Product review rankings,"Evidence of experience, visual proof, expert analysis",Yes,https://searchengineland.com/google-releases-july-2022-product-reviews-update-386763,"Expanded signals for visual proof of product experience: photos, videos, and screenshots showing actual product testing were rewarded (https://searchengineland.com/google-releases-july-2022-product-reviews-update-386763)||Expert analysis and first-hand experience became more heavily weighted compared to rehashed manufacturer specifications (https://www.amsive.com/insights/seo/googles-2021-2022-product-reviews-updates-what-happened/)||This was the fourth product reviews update overall and the second of 2022, continuing a pattern of rapid iteration on review quality signals (https://searchengineland.com/google-releases-july-2022-product-reviews-update-386763)",None found,,,
5/25/22,May 2022 Core Update,Core Update,Broad core update with E-A-T focus,Site-wide ranking changes,"E-A-T, content quality, user experience",Yes,https://developers.google.com/search/blog/2022/05/may-2022-core-update,"A significant and fast-hitting update; data providers agreed it was one of the bigger core updates in 2022 (https://searchengineland.com/googles-may-2022-core-update-impact-was-mixed-but-it-touched-down-fast-and-seemed-very-large-385479)||Health, medical, nutrition, and wellness sites previously hit by core updates saw some recoveries, including Examine.com, draxe.com, dietdoctor.com, psychcentral.com, and bodybuilding.com (https://www.amsive.com/insights/seo/google-may-2022-core-update-winners-losers-analysis/)||The update touched down fast but impact was mixed across sectors, with some categories seeing big wins and others barely moving (https://searchengineland.com/googles-may-2022-core-update-impact-was-mixed-but-it-touched-down-fast-and-seemed-very-large-385479)",2Đ3 weeks,,,
3/23/22,March 2022 Product Reviews Update,Reviews Update,Second product reviews update strengthening original content signals,Product review rankings,"Original content, in-depth analysis, product expertise",Yes,https://developers.google.com/search/blog/2022/03/product-review-ranking-one-year-on,"Introduced new ranking criteria including evidence of products being physically tested, unique quantitative measurements, and pros/cons lists with detailed justification (https://searchengineland.com/google-releases-march-2022-product-reviews-update-with-additional-ranking-criteria-382995)||Google explicitly documented new best practices for review content, including demonstrating what a product is physically like and what differentiates it from competitors (https://developers.google.com/search/blog/2022/03/product-review-ranking-one-year-on)||One year after the first product reviews update, Google continued to refine signals targeting thin affiliate content that lacked genuine product experience (https://developers.google.com/search/blog/2022/03/product-review-ranking-one-year-on)",None found,,,
12/1/21,December 2021 Product Reviews Update,Reviews Update,Second product reviews update expanding signals for high-quality review content,Product review rankings,"Original research, expert analysis, product comparison depth",Yes,https://developers.google.com/search/blog/2021/12/product-reviews-update-and-your-site,"Bigger and more volatile than the April 2021 product reviews update; the update remained volatile throughout its entire rollout (https://searchengineland.com/googles-december-2021-product-reviews-update-was-bigger-than-the-april-product-reviews-update-say-data-providers-377056)||The categories most affected were finance, law and government, jobs and education, autos and vehicles, and health (https://www.amsive.com/insights/seo/googles-2021-2022-product-reviews-updates-what-happened/)||Many keywords for which sites lost page 1 rankings did not include the word 'best' and were simply transactional head terms without modifiers (https://www.searchenginejournal.com/google-product-reviews-winners-losers/403301/)",None found,,,
11/17/21,November 2021 Core Update,Core Update,Late year core update with broad impact,Site-wide ranking changes,"Content quality, authority, relevance",Yes,https://searchengineland.com/google-november-2021-core-update-rolling-out-today-376124,"The health industry was hit hardest by this update, more than any other vertical (https://searchengineland.com/google-algorithm-updates-2021-in-review-core-updates-product-reviews-page-experience-and-beyond-378017)||Hit almost every vertical harder than the previous July 2021 core update (https://searchengineland.com/google-algorithm-updates-2021-in-review-core-updates-product-reviews-page-experience-and-beyond-378017)||Rollout lasted 13 days (Nov 17Đ30) (https://searchengineland.com/google-algorithm-updates-2021-in-review-core-updates-product-reviews-page-experience-and-beyond-378017)",2Đ3 weeks,,,
11/3/21,November 2021 Spam Update,Spam Update,Spam update targeting various webspam tactics across multiple languages,Penalties for spam tactics,"Link spam, content spam, multiple languages",Yes,https://searchengineland.com/google-releases-november-2021-spam-update-375776,"Rolled out in 8 days (Nov 3Đ11), making it one of the faster spam updates (https://searchengineland.com/google-november-spam-update-is-fully-rolled-out-375966)||Targeted spam across multiple languages, not just English (https://searchengineland.com/google-releases-november-2021-spam-update-375776)||The update appeared relatively contained, primarily affecting sites engaging in clear spam practices (https://www.seroundtable.com/google-november-2021-spam-update-32365.html)",1Đ2 weeks,,,
7/26/21,July 2021 Link Spam Update,Spam Update,Dedicated link spam update using SpamBrain to neutralize unnatural links,Link-based penalties,"Link schemes, paid links, link spam",Yes,https://developers.google.com/search/blog/2021/07/link-tagging-and-link-spam-update,"Introduced SpamBrain for link spam detection; the AI system could identify both sites buying links and sites created specifically to sell links (https://developers.google.com/search/blog/2021/07/link-tagging-and-link-spam-update)||Took about four weeks to fully roll out (Jul 26 Đ Aug 24), double the expected two-week timeframe (https://searchengineland.com/google-algorithm-updates-2021-in-review-core-updates-product-reviews-page-experience-and-beyond-378017)||Unnatural links were neutralized (their ranking signals removed) rather than sites being directly penalized (https://developers.google.com/search/blog/2021/07/link-tagging-and-link-spam-update)",4 weeks,,,
7/1/21,July 2021 Core Update,Core Update,Two-part summer core update,Site-wide ranking changes,"Content quality, E-A-T, user signals",Yes,https://searchengineland.com/google-july-2021-core-update-rolling-out-now-350176,"Rolled out quickly in 11 days (Jul 1Đ12); only 15 of the top 200 most impacted domains overlapped with the June 2021 core update, suggesting different algorithmic signals (https://www.amsive.com/insights/seo/google-july-2021-core-update-winners-losers-analysis/)||'Alternative and Natural Medicine' sites were among the biggest percentage losers, a topic area frequently discussed in relation to E-A-T standards (https://www.amsive.com/insights/seo/google-july-2021-core-update-winners-losers-analysis/)||This was the second part of a two-phase summer core update series (https://searchengineland.com/googles-july-2021-core-update-rolled-out-quickly-here-is-what-the-data-providers-saw-350243)",2 weeks,,,
6/23/21,June 2021 Spam Update,Spam Update,First of two consecutive spam updates targeting webspam in search results,Penalties for spam tactics,"Content spam, link spam, various spam techniques",Yes,https://searchengineland.com/google-search-releases-spam-update-349848,"First of two consecutive spam updates released within days of each other (June 23 and June 28) (https://searchengineland.com/google-search-releases-spam-update-349848)||The twin spam updates occurred during a very active period that also included the June Core Update and the Page Experience Update (https://searchengineland.com/google-algorithm-updates-2021-in-review-core-updates-product-reviews-page-experience-and-beyond-378017)||Sites engaging in various spam techniques saw penalties, but the overall impact was overshadowed by the concurrent core and page experience updates (https://searchengineland.com/google-search-releases-spam-update-349848)",None found,,,
6/15/21,June 2021 Page Experience Update,Page Experience,Core Web Vitals becomes ranking factor,Page-level ranking changes,"LCP, FID/INP, CLS, mobile friendliness, HTTPS",Yes,https://developers.google.com/search/blog/2021/04/more-details-page-experience,"Core Web Vitals (LCP, FID, CLS) became official ranking signals, but Google emphasized this was a lightweight factor compared to content relevance (https://searchengineland.com/google-page-experience-update-now-slowly-rolling-out-349649)||The full rollout did not complete until end of August 2021, taking about 2.5 months from mid-June (https://searchengineland.com/page-experience-seo-448564)||Google explicitly stated sites should not expect drastic ranking changes from this update alone; page experience is one of many factors (https://searchengineland.com/google-page-experience-update-rolls-out-just-as-core-update-finishes-wednesdays-daily-brief-349658)||The update launched just as the June 2021 Core Update finished rolling out, making it difficult to isolate page experience effects (https://searchengineland.com/google-page-experience-update-rolls-out-just-as-core-update-finishes-wednesdays-daily-brief-349658)",Gradual rollout over 2Đ3 months,,,
6/2/21,June 2021 Core Update,Core Update,First part of two-part summer core update with broad ranking impact,Site-wide ranking changes,"Content quality, E-A-T, relevance",Yes,https://searchengineland.com/google-june-2021-core-update-rolling-out-349121,"First part of a two-phase core update; Google pre-announced a second part would follow in July (https://searchengineland.com/google-june-2021-core-update-rolling-out-349121)||Top losing domains included HuffPost, Lifehacker, Vanity Fair, and moneyunder30.com; winners included IMDB, Cambridge.org, and Amazon (https://www.amsive.com/insights/seo/winners-and-losers-of-googles-june-2021-core-update/)||Health, autos, pets & animals, science, and travel were the most affected categories (https://www.amsive.com/insights/seo/winners-and-losers-of-googles-june-2021-core-update/)||The rollout was slow, taking about 10 days to complete (Jun 2Đ12) (https://searchengineland.com/googles-june-2021-core-update-was-slow-to-roll-out-here-is-what-the-data-providers-saw-349349)",2 weeks,,,
4/8/21,April 2021 Product Reviews Update,Reviews Update,First dedicated product review update,Product review rankings,"In-depth analysis, expert insights, original content",Yes,https://developers.google.com/search/blog/2021/04/product-reviews-update,"The first-ever Product Reviews Update, designed to reward reviews that share 'in-depth research rather than thin content that simply summarizes a bunch of products' (https://developers.google.com/search/blog/2021/04/product-reviews-update)||Impact was significant for affected sites but not as broad as a core update; affiliate and review sites that relied on manufacturer specs without original testing were hit hardest (https://searchengineland.com/google-product-reviews-algorithm-update-was-big-but-not-like-a-core-update-say-data-providers-347888)||Google laid out new expectations: show evidence of physical product testing, provide quantitative measurements, and explain what makes a product different from competitors (https://developers.google.com/search/blog/2021/04/product-reviews-update)||Rollout took approximately two weeks (Apr 8Đ22) (https://searchengineland.com/google-product-reviews-algorithm-update-was-big-but-not-like-a-core-update-say-data-providers-347888)",2 weeks,,,
12/3/20,December 2020 Core Update,Core Update,Year-end broad algorithm update,Site-wide ranking changes,"Content quality, E-A-T, user experience",Yes,https://searchengineland.com/google-december-2020-core-update-rolling-out-344333,"Possibly even bigger than the May 2020 core update, which was already considered an 'absolute monster'; this was the largest update of the year (https://searchengineland.com/googles-december-2020-core-update-was-big-even-bigger-than-may-2020-says-data-providers-344429)||Clear ranking shifts in E-A-T-sensitive areas: music, health, finance, news, and eCommerce all showed major movement (https://searchengineland.com/some-early-observations-on-the-google-december-core-update-345064)||Came after a seven-month gap since the May 2020 update, the longest stretch without a confirmed core update at that time (https://searchengineland.com/google-algorithm-updates-2020-in-review-core-updates-passage-indexing-and-page-experience-345070)||Amsive tracked over 1,000 winners and losers across multiple categories (https://www.amsive.com/insights/seo/1000-winners-and-losers-of-the-december-2020-google-core-algorithm-update/)",2Đ4 weeks,,,
5/4/20,May 2020 Core Update,Core Update,Major core update during pandemic,Site-wide ranking changes,"Content quality, YMYL content, authority",Yes,https://searchengineland.com/google-may-2020-core-update-rolling-out-today-334128,"Described as an 'absolute monster' and bigger than the January 2020 update; it rolled out over two weeks (May 4Đ18) (https://searchengineland.com/googles-may-2020-core-update-was-big-and-broad-search-data-tools-show-334393)||Travel, real estate, health, pets & animals, and people & society were the most impacted industries (https://searchengineland.com/googles-may-2020-core-update-was-big-and-broad-search-data-tools-show-334393)||Many believed the update targeted health misinformation during COVID; YMYL health content with strong E-A-T saw gains while lower-authority health sites declined (https://www.searchenginejournal.com/google-update-analysis/367604/)||Notable losers included LinkedIn, NY Post, Eventbrite, and AllMusic; winners included local directory sites and press release platforms (https://www.seroundtable.com/impacted-google-may-2020-core-update-29410.html)||The COVID-19 pandemic context amplified the update's focus on authoritative health information; the Amsive analysis showed Google prioritizing verified health sources (https://www.amsive.com/insights/seo/impact-of-the-coronavirus-covid-19-on-google-organic-search-visibility/)",2Đ4 weeks,,,
1/13/20,January 2020 Core Update,Core Update,First core update of 2020 with broad ranking impact across many verticals,Site-wide ranking changes,"Content quality, E-A-T, relevance",Yes,https://searchengineland.com/google-january-2020-core-update-begins-rolling-out-327501,"A big update impacting a large number of sites globally; all data providers agreed on its significance (https://searchengineland.com/the-latest-data-on-the-january-2020-google-core-update-327683)||Most volatile categories included sports, news, online communities, games, arts & entertainment, and finance (https://searchengineland.com/the-latest-data-on-the-january-2020-google-core-update-327683)||The update was global, not specific to any region, language, or category of websites (https://searchengineland.com/the-latest-data-on-the-january-2020-google-core-update-327683)||Most of the rollout completed within three days (Jan 13Đ16) (https://searchengineland.com/the-latest-data-on-the-january-2020-google-core-update-327683)",1Đ2 weeks,It's not something that requires a site to kind of wait for the next update to have a chance to be seen differently. They can continue working on things and things can improve over time.,John Mueller,https://searchengineland.com/google-says-you-can-recover-from-core-updates-without-a-new-core-update-340396